{
  "A1": {
    "ml-1m": {
      "T=0.1": {
        "ndcg": {
          "mean": 0.10285357890931827,
          "std": 0.0014443215869356129
        },
        "accept_rate": {
          "mean": 0.15533333333333332,
          "std": 0.0197540431867054
        },
        "coverage": {
          "mean": 0.15578341428314446,
          "std": 0.0017671238266224604
        },
        "mcg": {
          "mean": 0.6618613330529857,
          "std": 0.007212699766708727
        },
        "speedup": {
          "mean": 1.1801680589125623,
          "std": 0.02660435789330098
        }
      },
      "T=0.3": {
        "ndcg": {
          "mean": 0.09852822623910494,
          "std": 0.0031670183759607944
        },
        "accept_rate": {
          "mean": 0.18400000000000002,
          "std": 0.00489897948556636
        },
        "coverage": {
          "mean": 0.15209570066558734,
          "std": 0.0012134140639712297
        },
        "mcg": {
          "mean": 0.5500574225010498,
          "std": 0.027932492093428372
        },
        "speedup": {
          "mean": 1.2200301436309724,
          "std": 0.007146100067772715
        }
      },
      "T=0.5": {
        "ndcg": {
          "mean": 0.10045903609717237,
          "std": 0.0020931863230099503
        },
        "accept_rate": {
          "mean": 0.49866666666666665,
          "std": 0.01995550606279437
        },
        "coverage": {
          "mean": 0.10955207771181867,
          "std": 0.0030607482509756373
        },
        "mcg": {
          "mean": 0.5555131309368598,
          "std": 0.02293719381857946
        },
        "speedup": {
          "mean": 1.9585989034968747,
          "std": 0.07389204681225134
        }
      },
      "T=1.0": {
        "ndcg": {
          "mean": 0.1028745083950111,
          "std": 0.0017167258757170793
        },
        "accept_rate": {
          "mean": 0.912,
          "std": 0.0016329931618554536
        },
        "coverage": {
          "mean": 0.04083468249685195,
          "std": 0.0009172548144617357
        },
        "mcg": {
          "mean": 0.5540905474424995,
          "std": 0.005928606503394728
        },
        "speedup": {
          "mean": 9.41478711048356,
          "std": 0.14184263584174264
        }
      },
      "T=2.0": {
        "ndcg": {
          "mean": 0.10255441703232537,
          "std": 1.1331166295920986e-17
        },
        "accept_rate": {
          "mean": 1.0,
          "std": 0.0
        },
        "coverage": {
          "mean": 0.04074473826227739,
          "std": 0.0
        },
        "mcg": {
          "mean": 0.53,
          "std": 0.0
        },
        "speedup": {
          "mean": 50.0,
          "std": 0.0
        }
      },
      "T=5.0": {
        "ndcg": {
          "mean": 0.10128972386298547,
          "std": 1.1331166295920986e-17
        },
        "accept_rate": {
          "mean": 1.0,
          "std": 0.0
        },
        "coverage": {
          "mean": 0.03858607663248786,
          "std": 0.0
        },
        "mcg": {
          "mean": 0.53,
          "std": 0.0
        },
        "speedup": {
          "mean": 50.0,
          "std": 0.0
        }
      }
    },
    "amazon-electronics": {
      "T=0.1": {
        "ndcg": {
          "mean": 0.008506933335454403,
          "std": 0.00023632416458891124
        },
        "accept_rate": {
          "mean": 0.22733333333333336,
          "std": 0.004714045207910321
        },
        "coverage": {
          "mean": 0.052028971755701044,
          "std": 0.0009809951873530581
        },
        "mcg": {
          "mean": 0.6069139194139194,
          "std": 0.0070116267541728925
        },
        "speedup": {
          "mean": 1.2866936769573574,
          "std": 0.007680401989807019
        }
      },
      "T=0.3": {
        "ndcg": {
          "mean": 0.00985706429085431,
          "std": 9.625834724385833e-05
        },
        "accept_rate": {
          "mean": 0.10133333333333333,
          "std": 0.006182412330330469
        },
        "coverage": {
          "mean": 0.05250340006958282,
          "std": 0.0016330873445836837
        },
        "mcg": {
          "mean": 0.6574907235621521,
          "std": 0.032557097727318705
        },
        "speedup": {
          "mean": 1.1103062652821007,
          "std": 0.007501723704937314
        }
      },
      "T=0.5": {
        "ndcg": {
          "mean": 0.006326095508551237,
          "std": 0.0001866607467227689
        },
        "accept_rate": {
          "mean": 0.19600000000000004,
          "std": 0.0016329931618554536
        },
        "coverage": {
          "mean": 0.043773919094158203,
          "std": 0.000752467169773874
        },
        "mcg": {
          "mean": 0.6801807258361013,
          "std": 0.011950875818741775
        },
        "speedup": {
          "mean": 1.2377511679597328,
          "std": 0.0024517529438995564
        }
      },
      "T=1.0": {
        "ndcg": {
          "mean": 0.004765269985068012,
          "std": 0.00018478669388079003
        },
        "accept_rate": {
          "mean": 0.5726666666666667,
          "std": 0.00928559218478937
        },
        "coverage": {
          "mean": 0.021191131353385836,
          "std": 0.00016127461535227287
        },
        "mcg": {
          "mean": 0.6507752413680249,
          "std": 0.0035045321031320627
        },
        "speedup": {
          "mean": 2.2799826288101293,
          "std": 0.046814005887323935
        }
      },
      "T=2.0": {
        "ndcg": {
          "mean": 0.004284532884420859,
          "std": 8.673617379884035e-19
        },
        "accept_rate": {
          "mean": 0.9979999999999999,
          "std": 1.1102230246251565e-16
        },
        "coverage": {
          "mean": 0.012430021823702439,
          "std": 0.0
        },
        "mcg": {
          "mean": 0.6813627254509017,
          "std": 1.1102230246251565e-16
        },
        "speedup": {
          "mean": 45.53734061930783,
          "std": 0.0
        }
      },
      "T=5.0": {
        "ndcg": {
          "mean": 0.00428453288442086,
          "std": 5.007715329123864e-19
        },
        "accept_rate": {
          "mean": 1.0,
          "std": 0.0
        },
        "coverage": {
          "mean": 0.012430021823702439,
          "std": 0.0
        },
        "mcg": {
          "mean": 0.6960000000000001,
          "std": 1.1102230246251565e-16
        },
        "speedup": {
          "mean": 50.0,
          "std": 0.0
        }
      }
    }
  },
  "A2": {
    "ml-1m": {
      "cold_static": {
        "ndcg": {
          "mean": 0.16238796065530497,
          "std": 0.0
        },
        "accept_rate": {
          "mean": 0.6967213114754097,
          "std": 1.1102230246251565e-16
        },
        "coverage": {
          "mean": 0.02590393955747437,
          "std": 3.469446951953614e-18
        },
        "mcg": {
          "mean": 0.6235294117647059,
          "std": 0.0
        },
        "speedup": {
          "mean": 3.1524547803617566,
          "std": 4.440892098500626e-16
        }
      },
      "cold_pool": {
        "ndcg": {
          "mean": 0.13205750075332054,
          "std": 0.0
        },
        "accept_rate": {
          "mean": 0.6639344262295082,
          "std": 0.0
        },
        "coverage": {
          "mean": 0.0682676740420939,
          "std": 0.0
        },
        "mcg": {
          "mean": 0.7654320987654321,
          "std": 0.0
        },
        "speedup": {
          "mean": 2.8625058657907076,
          "std": 4.440892098500626e-16
        }
      },
      "medium_static": {
        "ndcg": {
          "mean": 0.12341201517093207,
          "std": 1.3877787807814457e-17
        },
        "accept_rate": {
          "mean": 0.8913043478260869,
          "std": 0.0
        },
        "coverage": {
          "mean": 0.027522935779816515,
          "std": 0.0
        },
        "mcg": {
          "mean": 0.5609756097560976,