{
  "ml-1m": {
    "Fresh": {
      "ndcg": {
        "mean": 0.1470460989108245,
        "std": 0.0
      },
      "accept_rate": {
        "mean": 0.0,
        "std": 0.0
      },
      "coverage": {
        "mean": 0.18105774419859688,
        "std": 0.0
      },
      "speedup": {
        "mean": 1.0,
        "std": 0.0
      }
    },
    "CARL-like": {
      "ndcg": {
        "mean": 0.10071006835058856,
        "std": 0.0011720091762127743
      },
      "accept_rate": {
        "mean": 0.9273333333333333,
        "std": 0.005734883511361756
      },
      "coverage": {
        "mean": 0.047130778917071424,
        "std": 0.0034226115471200657
      },
      "speedup": {
        "mean": 11.004722788022164,
        "std": 0.672734062731167
      },
      "_train_time_s": {
        "mean": 5.293325662612915,
        "std": 0.07776848075473229
      }
    },
    "Spec (ours)": {
      "ndcg": {
        "mean": 0.10149001867023048,
        "std": 1.3877787807814457e-17
      },
      "accept_rate": {
        "mean": 0.854,
        "std": 0.0
      },
      "coverage": {
        "mean": 0.02671343766864544,
        "std": 0.0
      },
      "speedup": {
        "mean": 1.4512190128794817,
        "std": 0.07589893628930422
      },
      "mcg": {
        "mean": 0.5409836065573771,
        "std": 0.0
      }
    },
    "Spec+Pool (ours)": {
      "ndcg": {
        "mean": 0.0934485108406737,
        "std": 0.0
      },
      "accept_rate": {
        "mean": 0.844,
        "std": 0.0
      },
      "coverage": {
        "mean": 0.06179168915272531,
        "std": 0.0
      },
      "speedup": {
        "mean": 0.7026565624595652,
        "std": 0.01426052233576009
      },
      "mcg": {
        "mean": 0.514218009478673,
        "std": 0.0
      }
    }
  }
}