{
  "ml-100k": {
    "LRU (no clustering)": {
      "hit_rates": [
        0.587,
        0.569,
        0.5703333333333334
      ],
      "ndcgs": [
        0.06866460844770508,
        0.07866721005341022,
        0.06895838004684623
      ],
      "latencies": [
        0.08995604515075684,
        0.09278241793314616,
        0.09522294998168945
      ]
    },
    "LRU + Clustering": {
      "hit_rates": [
        0.784,
        0.7823333333333333,
        0.784
      ],
      "ndcgs": [
        0.07684511314935517,
        0.07267903308196193,
        0.06641251980556863
      ],
      "latencies": [
        0.09786605834960938,
        0.09841140111287434,
        0.09019335110982259
      ]
    },
    "RecCache (Full)": {
      "hit_rates": [
        0.7786666666666666,
        0.783,
        0.783
      ],
      "ndcgs": [
        0.07209369013063521,
        0.06557583661618836,
        0.0630033287698479
      ],
      "latencies": [
        0.33391110102335614,
        0.31457360585530597,
        0.3131857713063558
      ]
    }
  },
  "ml-1m": {
    "LRU (no clustering)": {
      "hit_rates": [
        0.5303333333333333,
        0.5046666666666667,
        0.5116666666666667
      ],
      "ndcgs": [
        0.2640165882885172,
        0.255213475404465,
        0.25887282548404
      ],
      "latencies": [
        0.14558307329813638,
        0.14224648475646973,
        0.1392958164215088
      ]
    },
    "LRU + Clustering": {
      "hit_rates": [
        0.7566666666666667,
        0.7653333333333333,
        0.7613333333333333
      ],
      "ndcgs": [
        0.24935482134776837,
        0.27353488344563215,
        0.2626175814286867
      ],
      "latencies": [
        0.11378709475199382,
        0.11992001533508301,
        0.11230683326721191
      ]
    },
    "RecCache (Full)": {
      "hit_rates": [
        0.7686666666666667,
        0.757,
        0.7606666666666667
      ],
      "ndcgs": [
        0.2610782578253291,
        0.2519052931428724,
        0.25894507895361774
      ],
      "latencies": [
        0.28279908498128253,
        0.30798999468485516,
        0.2821028232574463
      ]
    }
  }
}