{
  "ml-1m": {
    "MF": {
      "Fresh": {
        "ndcg": {
          "mean": 0.15247617852230877,
          "std": 0.0
        },
        "accept_rate": {
          "mean": 0.0,
          "std": 0.0
        },
        "coverage": {
          "mean": 0.17593092282784673,
          "std": 0.0
        },
        "speedup": {
          "mean": 1.0,
          "std": 0.0
        },
        "mcg": {
          "mean": 0.0,
          "std": 0.0
        }
      },
      "Naive": {
        "ndcg": {
          "mean": 0.1073574014038778,
          "std": 0.01209929735591536
        },
        "accept_rate": {
          "mean": 1.0,
          "std": 0.0
        },
        "coverage": {
          "mean": 0.028692210829285844,
          "std": 0.02149686023035196
        },
        "speedup": {
          "mean": 50.0,
          "std": 0.0
        },
        "mcg": {
          "mean": 0.0,
          "std": 0.0
        }
      },
      "Speculative": {
        "ndcg": {
          "mean": 0.11778478723618312,
          "std": 0.0
        },
        "accept_rate": {
          "mean": 0.8119999999999999,
          "std": 1.1102230246251565e-16
        },
        "coverage": {
          "mean": 0.024015110631408525,
          "std": 0.0
        },
        "speedup": {
          "mean": 6.287471704406669,
          "std": 1.578777745158405
        },
        "mcg": {
          "mean": 0.5369458128078818,
          "std": 0.0
        }
      },
      "Spec+Pool": {
        "ndcg": {
          "mean": 0.09151009992709774,
          "std": 0.0
        },
        "accept_rate": {
          "mean": 0.862,
          "std": 0.0
        },
        "coverage": {
          "mean": 0.06179168915272531,
          "std": 0.0
        },
        "speedup": {
          "mean": 3.1028089543918598,
          "std": 0.3883433008181602
        },
        "mcg": {
          "mean": 0.5266821345707656,
          "std": 0.0
        }
      },
      "_train_time_s": 155.20149064064026
    },
    "NeuMF": {
      "Fresh": {
        "ndcg": {
          "mean": 0.09177019506376187,
          "std": 1.3877787807814457e-17
        },
        "accept_rate": {
          "mean": 0.0,
          "std": 0.0
        },
        "coverage": {
          "mean": 0.21964382083108472,
          "std": 0.0
        },
        "speedup": {
          "mean": 1.0,
          "std": 0.0
        },
        "mcg": {
          "mean": 0.0,
          "std": 0.0
        }
      },
      "Naive": {
        "ndcg": {
          "mean": 0.062565277603072,
          "std": 0.012830962324834595
        },
        "accept_rate": {
          "mean": 1.0,
          "std": 0.0
        },
        "coverage": {
          "mean": 0.03939557474365893,
          "std": 0.033580894087650394
        },
        "speedup": {
          "mean": 50.0,
          "std": 0.0
        },
        "mcg": {
          "mean": 0.0,
          "std": 0.0
        }
      },
      "Speculative": {
        "ndcg": {
          "mean": 0.07350780124899192,
          "std": 0.0
        },
        "accept_rate": {
          "mean": 1.0,
          "std": 0.0
        },
        "coverage": {
          "mean": 0.012951969778737185,
          "std": 1.734723475976807e-18
        },
        "speedup": {
          "mean": 32.79770198448787,
          "std": 1.3367669084648168
        },
        "mcg": {
          "mean": 0.486,
          "std": 0.0
        }
      },
      "Spec+Pool": {
        "ndcg": {
          "mean": 0.05412441916339411,
          "std": 0.0
        },
        "accept_rate": {
          "mean": 1.0,
          "std": 0.0
        },
        "coverage": {
          "mean": 0.19104155423637345,
          "std": 0.0
        },
        "speedup": {
          "mean": 19.180207012787328,
          "std": 1.3169186954643055
        },
        "mcg": {
          "mean": 0.536,
          "std": 0.0
        }
      },
      "_train_time_s": 269.69178009033203
    }
  }
}