{
  "S4": {
    "ml-1m": {
      "Fresh": {
        "ndcg": {
          "mean": 0.17339453769401933,
          "std": 0.0
        },
        "accept_rate": {
          "mean": 0.0,
          "std": 0.0
        },
        "coverage": {
          "mean": 0.20642201834862386,
          "std": 0.0
        },
        "ild": {
          "mean": 0.7715422511100769,
          "std": 0.0
        },
        "speedup": {
          "mean": 1.0,
          "std": 0.0
        },
        "tail_ndcg": {
          "mean": 0.1756286765597305,
          "std": 0.0
        },
        "multi_cluster_gain": {
          "mean": 0.0,
          "std": 0.0
        },
        "pool_retrieval_rate": {
          "mean": 0.0,
          "std": 0.0
        },
        "fresh_latency_ms": {
          "mean": 0.3088827815372497,
          "std": 0.025747886759506722
        }
      },
      "Naive Cache": {
        "ndcg": {
          "mean": 0.10446675890346052,
          "std": 0.0
        },
        "accept_rate": {
          "mean": 1.0,
          "std": 0.0
        },
        "coverage": {
          "mean": 0.04317323259579061,
          "std": 0.0
        },
        "ild": {
          "mean": 0.7750490307807922,
          "std": 0.0
        },
        "speedup": {
          "mean": 10.516008964243698,
          "std": 0.8040519717905668
        },
        "tail_ndcg": {
          "mean": 0.1699520879986404,
          "std": 0.0
        },
        "multi_cluster_gain": {
          "mean": 0.0,
          "std": 0.0
        },
        "pool_retrieval_rate": {
          "mean": 0.0,
          "std": 0.0
        }
      },
      "QA-bypass": {
        "ndcg": {
          "mean": 0.10293880340230348,
          "std": 1.3877787807814457e-17
        },
        "accept_rate": {
          "mean": 0.7760000000000001,
          "std": 1.1102230246251565e-16
        },
        "coverage": {
          "mean": 0.04317323259579061,
          "std": 0.0
        },
        "ild": {
          "mean": 0.7715845704078674,
          "std": 0.0
        },
        "speedup": {
          "mean": 3.789249377475436,
          "std": 1.5327441534363004
        },
        "tail_ndcg": {
          "mean": 0.17032401763684038,
          "std": 0.0
        },
        "multi_cluster_gain": {
          "mean": 0.0,
          "std": 0.0
        },
        "pool_retrieval_rate": {
          "mean": 0.0,
          "std": 0.0
        }
      },
      "Speculative": {
        "ndcg": {
          "mean": 0.0994731475961818,
          "std": 1.3877787807814457e-17
        },
        "accept_rate": {
          "mean": 0.928,
          "std": 0.0
        },
        "coverage": {
          "mean": 0.04101457096600108,
          "std": 0.0
        },
        "ild": {
          "mean": 0.7685378193855286,
          "std": 0.0
        },
        "speedup": {
          "mean": 1.8757120259148439,
          "std": 0.231392057044623
        },
        "tail_ndcg": {
          "mean": 0.17121285588556304,
          "std": 0.0
        },
        "multi_cluster_gain": {
          "mean": 0.5258620689655172,
          "std": 0.0
        },
        "pool_retrieval_rate": {
          "mean": 0.0,
          "std": 0.0
        }
      },
      "Speculative+Pool": {
        "ndcg": {
          "mean": 0.09527233766592487,
          "std": 1.3877787807814457e-17
        },
        "accept_rate": {
          "mean": 0.926,
          "std": 0.0
        },
        "coverage": {
          "mean": 0.058014031300593634,
          "std": 0.0
        },
        "ild": {
          "mean": 0.7590418457984924,
          "std": 0.0
        },
        "speedup": {
          "mean": 0.7148538056796058,
          "std": 0.04767457088609908
        },
        "tail_ndcg": {
          "mean": 0.17649964161922416,
          "std": 0.0
        },
        "multi_cluster_gain": {
          "mean": 0.5745140388768899,
          "std": 0.0
        },
        "pool_retrieval_rate": {
          "mean": 0.926,
          "std": 0.0
        }
      }
    },
    "amazon-electronics": {
      "Fresh": {
        "ndcg": {
          "mean": 0.012022991094100217,
          "std": 0.0
        },
        "accept_rate": {
          "mean": 0.0,
          "std": 0.0
        },
        "coverage": {
          "mean": 0.057310940316918114,
          "std": 0.0
        },
        "ild": {
          "mean": 0.7515454292297363,
          "std": 0.0
        },
        "speedup": {
          "mean": 1.0,
          "std": 0.0
        },
        "tail_ndcg": {
          "mean": 0.012047085264629475,
          "std": 0.0
        },
        "multi_cluster_gain": {
          "mean": 0.0,
          "std": 0.0
        },
        "pool_retrieval_rate": {
          "mean": 0.0,
          "std": 0.0
        },
        "fresh_latency_ms": {
          "mean": 0.5669594876235351,
          "std": 0.04095222245527625
        }
      },
      "Naive Cache": {
        "ndcg": {
          "mean": 0.006805384151166574,
          "std": 8.673617379884035e-19
        },
        "accept_rate": {
          "mean": 1.0,
          "std": 0.0
        },
        "coverage": {
          "mean": 0.012999335800360565,
          "std": 0.0
        },
        "ild": {
          "mean": 0.7247122526168823,
          "std": 0.0
        },
        "speedup": {
          "mean": 51.525906496113464,
          "std": 11.190500982547226
        },
        "tail_ndcg": {
          "mean": 0.006819022195557692,
          "std": 8.673617379884035e-19
        },
        "multi_cluster_gain": {
          "mean": 0.0,
          "std": 0.0
        },
        "pool_retrieval_rate": {
          "mean": 0.0,
          "std": 0.0
        }
      },
      "QA-bypass": {
        "ndcg": {
          "mean": 0.009946505558210396,
          "std": 0.0
        },
        "accept_rate": {
          "mean": 0.09600000000000002,
          "std": 1.3877787807814457e-17
        },
        "coverage": {
          "mean": 0.042698548249359515,
          "std": 6.938893903907228e-18
        },
        "ild": {
          "mean": 0.7827449440956116,
          "std": 0.0
        },
        "speedup": {
          "mean": 2.5668746103180737,
          "std": 0.06805994335855817
        },
        "tail_ndcg": {
          "mean": 0.009966438435080556,
          "std": 0.0
        },
        "multi_cluster_gain": {
          "mean": 0.0,
          "std": 0.0
        },
        "pool_retrieval_rate": {
          "mean": 0.0,
          "std": 0.0
        }
      },
      "Speculative": {
        "ndcg": {
          "mean": 0.007638029843440991,
          "std": 8.673617379884035e-19
        },
        "accept_rate": {
          "mean": 0.564,
          "std": 0.0
        },
        "coverage": {
          "mean": 0.025619128949615714,
          "std": 0.0
        },
        "ild": {
          "mean": 0.659564197063446,
          "std": 0.0
        },
        "speedup": {
          "mean": 2.896754427636559,
          "std": 1.0365312280460348
        },
        "tail_ndcg": {
          "mean": 0.007653336516473939,
          "std": 0.0
        },
        "multi_cluster_gain": {
          "mean": 0.6702127659574467,
          "std": 1.1102230246251565e-16
        },
        "pool_retrieval_rate": {
          "mean": 0.0,
          "std": 0.0
        }
      },
      "Speculative+Pool": {
        "ndcg": {
          "mean": 0.0073002699109372985,
          "std": 0.0
        },
        "accept_rate": {
          "mean": 0.592,
          "std": 0.0
        },
        "coverage": {
          "mean": 0.07040516178005503,
          "std": 0.0
        },
        "ild": {
          "mean": 0.6617292165756226,
          "std": 0.0
        },
        "speedup": {
          "mean": 2.395834824014175,
          "std": 0.9528040190893994
        },
        "tail_ndcg": {
          "mean": 0.007314899710358014,
          "std": 0.0
        },
        "multi_cluster_gain": {
          "mean": 0.6486486486486487,
          "std": 0.0
        },