{
  "ml-1m": {
    "fresh": {
      "ndcg": 0.15965835593519495,
      "hr": 0.5867406853848617,
      "accept_rate": 0.0,
      "mean_latency_ms": 0.4506648474905008,
      "mcg": 0.0,
      "coverage": 0.2015650296815974,
      "n_evaluated": 493.6666666666667
    },
    "by_criterion": {
      "ScoreRatio (ours)": {
        "ndcg": 0.1065212971134719,
        "hr": 0.4469906628014881,
        "accept_rate": 0.9115525590384136,
        "mean_latency_ms": 0.23902169007182036,
        "mcg": 0.5016818940378953,
        "coverage": 0.01807879114948732,
        "n_evaluated": 493.6666666666667,
        "retention": 0.6672292071126712
      },
      "LASER-Relaxed (mean)": {
        "ndcg": 0.10526410176335949,
        "hr": 0.44496637130351235,
        "accept_rate": 1.0,
        "mean_latency_ms": 0.11981127079786903,
        "mcg": 0.5118008392802885,
        "coverage": 0.005936319481921209,
        "n_evaluated": 493.6666666666667,
        "retention": 0.6591955821007326
      },
      "LASER-Relaxed (r=0.5)": {
        "ndcg": 0.10528337477837203,
        "hr": 0.4442916074708538,
        "accept_rate": 0.9925721230834927,
        "mean_latency_ms": 0.13586629508125528,
        "mcg": 0.5095140629773666,
        "coverage": 0.008454758050008995,
        "n_evaluated": 493.6666666666667,
        "retention": 0.6593558161074279
      }
    }
  }
}