{
  "mind-large": {
    "fresh": {
      "ndcg": 0.02399185362802203,
      "hr": 0.11766666666666666,
      "accept_rate": 0.0,
      "mean_latency_ms": 1.0505475203196208,
      "mcg": 0.0,
      "coverage": 0.0009583133684714903,
      "n": 1000.0
    },
    "spec_k3": {
      "ndcg": 0.019990606260388503,
      "hr": 0.10066666666666667,
      "accept_rate": 1.0,
      "mean_latency_ms": 0.11115543047587077,
      "mcg": 0.603,
      "coverage": 0.0008624820316243412,
      "n": 1000.0,
      "retention": 0.8337911293948624,
      "speedup": 9.452838861418153
    },
    "spec_pool": {
      "ndcg": 0.021054142400108097,
      "hr": 0.10466666666666667,
      "accept_rate": 1.0,
      "mean_latency_ms": 0.18529764811197916,
      "mcg": 0.5993333333333333,
      "coverage": 0.0005111004631847948,
      "n": 1000.0,
      "retention": 0.8768973433260628,
      "speedup": 5.673433703373058
    },
    "n_users": 72366,
    "n_items": 20870
  },
  "amazon-movies": {
    "fresh": {
      "ndcg": 0.0006338379330663598,
      "hr": 0.0013333333333333333,
      "accept_rate": 0.0,
      "mean_latency_ms": 1.834042231241862,
      "mcg": 0.0,
      "coverage": 0.0153034940452741,
      "n": 1000.0
    },
    "spec_k3": {
      "ndcg": 7.63522240491674e-05,
      "hr": 0.0006666666666666666,
      "accept_rate": 0.9996666666666667,
      "mean_latency_ms": 0.11010511716206868,
      "mcg": 0.6005298631965298,
      "coverage": 0.0007272947665080759,
      "n": 1000.0,
      "retention": 0.1271511797648421,
      "speedup": 16.68648515072507
    },
    "spec_pool": {
      "ndcg": 0.0014801739430261923,
      "hr": 0.005,
      "accept_rate": 0.5256666666666666,
      "mean_latency_ms": 1.1555744806925456,
      "mcg": 0.5879834733418873,
      "coverage": 0.014717617705587037,
      "n": 1000.0,
      "retention": 2.4242451507518705,
      "speedup": 1.5934218449255972
    },
    "n_users": 85992,
    "n_items": 32999
  }
}