{
  "ml-1m": {
    "mf_fresh": {
      "ndcg": 0.15605023963702705,
      "hr": 0.5666666666666668,
      "accept_rate": 0.0,
      "mean_latency_ms": 4.113388856252034,
      "mcg": 0.0,
      "coverage": 0.20219463932361936,
      "n": 500.0
    },
    "mf_spec": {
      "ndcg": 0.1017765907722381,
      "hr": 0.432,
      "accept_rate": 0.92,
      "mean_latency_ms": 0.7361159324645996,
      "mcg": 0.5185472386878653,
      "coverage": 0.01789890268033819,
      "n": 500.0,
      "retention": 0.6531109964421739,
      "speedup": 4.914495256973326
    },
    "lgcn_fresh": {
      "ndcg": 0.17239971410823862,
      "hr": 0.558,
      "accept_rate": 0.0,
      "mean_latency_ms": 0.20545021692911783,
      "mcg": 0.0,
      "coverage": 0.051448102176650475,
      "n": 500.0
    },
    "lgcn_spec": {
      "ndcg": 0.09792646021957525,
      "hr": 0.408,
      "accept_rate": 0.9993333333333334,
      "mean_latency_ms": 0.1860807736714681,
      "mcg": 0.22813092852371408,
      "coverage": 0.023295556754812017,
      "n": 500.0,
      "retention": 0.5723430031762656,
      "speedup": 1.1887415332710833
    }
  },
  "amazon-electronics": {
    "mf_fresh": {
      "ndcg": 0.014791564524169595,
      "hr": 0.062,
      "accept_rate": 0.0,
      "mean_latency_ms": 1.3238121668497722,
      "mcg": 0.0,
      "coverage": 0.03754309390517759,
      "n": 500.0
    },
    "mf_spec": {
      "ndcg": 0.011839357846337625,
      "hr": 0.05199999999999999,
      "accept_rate": 0.474,
      "mean_latency_ms": 2.125878016153971,
      "mcg": 0.6179091061444003,
      "coverage": 0.017933390264730998,
      "n": 500.0,
      "retention": 0.8012277312934742,
      "speedup": 0.6900695532833935
    },
    "lgcn_fresh": {
      "ndcg": 0.006216830774579552,
      "hr": 0.02666666666666667,
      "accept_rate": 0.0,
      "mean_latency_ms": 5.750816186269124,
      "mcg": 0.0,
      "coverage": 0.019641332194705378,
      "n": 500.0
    },
    "lgcn_spec": {
      "ndcg": 0.008939325390329758,
      "hr": 0.03333333333333333,
      "accept_rate": 1.0,
      "mean_latency_ms": 0.14422130584716797,
      "mcg": 0.06466666666666666,
      "coverage": 0.004586140367523801,
      "n": 500.0,
      "retention": 1.424097187577333,
      "speedup": 40.50007654677631
    }
  }
}