{
  "ml-1m": {
    "mf_fresh": {
      "ndcg": 0.15605023963702705,
      "hr": 0.5666666666666668,
      "accept_rate": 0.0,
      "mean_latency_ms": 8.215431054433187,
      "mcg": 0.0,
      "coverage": 0.20219463932361936,
      "n": 500.0
    },
    "mf_spec": {
      "ndcg": 0.1017765907722381,
      "hr": 0.432,
      "accept_rate": 0.92,
      "mean_latency_ms": 1.0900071461995442,
      "mcg": 0.5185472386878653,
      "coverage": 0.01789890268033819,
      "n": 500.0
    },
    "gemma_hybrid_spec": {
      "ndcg": 0.14456093101359088,
      "hr": 0.5426666666666667,
      "accept_rate": 0.10666666666666667,
      "mean_latency_ms": 9.62348747253418,
      "mcg": 0.5941003441003442,
      "coverage": 0.19293038316243927,
      "n": 500.0
    },
    "gemma_fresh": {
      "ndcg": 0.032440940710980935,
      "hr": 0.20733333333333334,
      "accept_rate": 0.0,
      "mean_latency_ms": 0.12871932983398438,
      "mcg": 0.0,
      "coverage": 0.18060802302572407,
      "n": 500.0
    },
    "gemma_pure_spec": {
      "ndcg": 0.03143369013714378,
      "hr": 0.19466666666666668,
      "accept_rate": 0.33466666666666667,
      "mean_latency_ms": 0.32830810546875,
      "mcg": 0.6379827000308929,
      "coverage": 0.1633387299874078,
      "n": 500.0
    }
  }
}