{
  "ml-1m": {
    "fresh": {
      "ndcg": 0.15965835593519495,
      "hr": 0.5867406853848617,
      "accept_rate": 0.0,
      "mean_latency_ms": 0.4383407052599992,
      "mcg": 0.0,
      "coverage": 0.2015650296815974,
      "n_evaluated": 493.6666666666667
    },
    "reccache_k3": {
      "ndcg": 0.1065212971134719,
      "hr": 0.4469906628014881,
      "accept_rate": 0.9115525590384136,
      "mean_latency_ms": 0.19084239713310533,
      "mcg": 0.5016818940378953,
      "coverage": 0.01807879114948732,
      "n_evaluated": 493.6666666666667,
      "retention": 0.6672292071126712
    },
    "bild_lr16": {
      "ndcg": 0.12312063630040378,
      "hr": 0.4902070279458985,
      "accept_rate": 0.5489566481346134,
      "mean_latency_ms": 0.5764933541289327,
      "mcg": 0.5794464794464794,
      "coverage": 0.1537146968879295,
      "n_evaluated": 493.6666666666667,
      "retention": 0.7717127302585162
    }
  }
}