{
  "10%": {
    "n_users": 540,
    "n_interactions": 82350,
    "n_test_users": 93,
    "train_time_s": 12.691858768463135,
    "warm_time_s": 0.03426504135131836,
    "spec_latency_ms": {
      "mean": 0.12163739865495553,
      "p50": 0.11432199971750379,
      "p95": 0.1617256028112024,
      "p99": 0.18647800025064495
    },
    "fresh_latency_ms": {
      "mean": 0.27791798946895807,
      "p50": 0.26470499869901687,
      "p95": 0.3167929986375384,
      "p99": 0.40764544392004537
    },
    "spec_throughput_rps": 8221.155755202102,
    "fresh_throughput_rps": 3598.183773244713,
    "ndcg": 0.022627890080406714,
    "accept_rate": 1.0
  },
  "25%": {
    "n_users": 1350,
    "n_interactions": 204672,
    "n_test_users": 200,
    "train_time_s": 30.39626955986023,
    "warm_time_s": 0.10125184059143066,
    "spec_latency_ms": {
      "mean": 0.11577749522984959,
      "p50": 0.11529200128279626,
      "p95": 0.12406249916239176,
      "p99": 0.12826019767089744
    },
    "fresh_latency_ms": {
      "mean": 0.31771869496878935,
      "p50": 0.25346500478917733,
      "p95": 0.35816745476040523,
      "p99": 1.132400994101742
    },
    "spec_throughput_rps": 8637.257163101774,
    "fresh_throughput_rps": 3147.438334084287,
    "ndcg": 0.05076678227602494,
    "accept_rate": 1.0
  },
  "50%": {
    "n_users": 2700,
    "n_interactions": 401250,
    "n_test_users": 200,
    "train_time_s": 60.59192109107971,
    "warm_time_s": 0.09199190139770508,
    "spec_latency_ms": {
      "mean": 0.11541311505425256,
      "p50": 0.11486249786685221,
      "p95": 0.12507700521382503,
      "p99": 0.12876659020548686
    },
    "fresh_latency_ms": {
      "mean": 0.26419067002279917,
      "p50": 0.2613154974824283,
      "p95": 0.27998504592687823,
      "p99": 0.28587729815626517
    },
    "spec_throughput_rps": 8664.526553415764,
    "fresh_throughput_rps": 3785.145023909065,
    "ndcg": 0.07838505145300903,
    "accept_rate": 1.0
  },
  "100%": {
    "n_users": 5400,
    "n_interactions": 800167,
    "n_test_users": 200,
    "train_time_s": 123.13864469528198,
    "warm_time_s": 0.07336544990539551,
    "spec_latency_ms": {
      "mean": 0.16111522003484424,
      "p50": 0.1546079984109383,
      "p95": 0.24520465158275082,
      "p99": 0.45719693611317636
    },
    "fresh_latency_ms": {
      "mean": 0.2318486249714624,
      "p50": 0.23147449610405602,
      "p95": 0.241562502560555,
      "p99": 0.2458058015326969
    },
    "spec_throughput_rps": 6206.738257153675,
    "fresh_throughput_rps": 4313.159071454865,
    "ndcg": 0.07500650952976122,
    "accept_rate": 0.97
  }
}