{
  "concept_drift": {
    "0.0": {
      "lru_no_cluster": 0.8904,
      "lru_with_cluster": 0.99,
      "belady_user": 0.8904,
      "belady_cluster": 0.99,
      "clustering_gain": 11.185983827493265
    },
    "0.1": {
      "lru_no_cluster": 0.8904,
      "lru_with_cluster": 0.99,
      "belady_user": 0.8904,
      "belady_cluster": 0.99,
      "clustering_gain": 11.185983827493265
    },
    "0.2": {
      "lru_no_cluster": 0.8904,
      "lru_with_cluster": 0.99,
      "belady_user": 0.8904,
      "belady_cluster": 0.99,
      "clustering_gain": 11.185983827493265
    },
    "0.3": {
      "lru_no_cluster": 0.8904,
      "lru_with_cluster": 0.99,
      "belady_user": 0.8904,
      "belady_cluster": 0.99,
      "clustering_gain": 11.185983827493265
    },
    "0.5": {
      "lru_no_cluster": 0.8904,
      "lru_with_cluster": 0.99,
      "belady_user": 0.8904,
      "belady_cluster": 0.99,
      "clustering_gain": 11.185983827493265
    }
  },
  "burst_traffic": {
    "1.0": {
      "lru_no_cluster": 0.902,
      "lru_with_cluster": 0.99,
      "clustering_gain": 9.756097560975606
    },
    "2.0": {
      "lru_no_cluster": 0.902,
      "lru_with_cluster": 0.99,
      "clustering_gain": 9.756097560975606
    },
    "3.0": {
      "lru_no_cluster": 0.902,
      "lru_with_cluster": 0.99,
      "clustering_gain": 9.756097560975606
    },
    "5.0": {
      "lru_no_cluster": 0.902,
      "lru_with_cluster": 0.99,
      "clustering_gain": 9.756097560975606
    },
    "10.0": {
      "lru_no_cluster": 0.902,
      "lru_with_cluster": 0.99,
      "clustering_gain": 9.756097560975606
    }
  },
  "cold_start": {
    "0.0": {
      "lru_no_cluster": 0.8904,
      "lru_with_cluster": 0.9904,
      "clustering_gain": 11.23090745732255
    },
    "0.1": {
      "lru_no_cluster": 0.8608,
      "lru_with_cluster": 0.99,
      "clustering_gain": 15.009293680297395
    },
    "0.2": {
      "lru_no_cluster": 0.8638,
      "lru_with_cluster": 0.99,
      "clustering_gain": 14.609863394304234
    },
    "0.3": {
      "lru_no_cluster": 0.8704,
      "lru_with_cluster": 0.99,
      "clustering_gain": 13.740808823529418
    },
    "0.5": {
      "lru_no_cluster": 0.8856,
      "lru_with_cluster": 0.99,
      "clustering_gain": 11.788617886178853
    }
  },
  "belady_clarification": {
    "100": {
      "user_opt": 0.8194,
      "cluster_opt": 0.99,
      "lru_cluster": 0.99,
      "pct_of_cluster_opt": 100.0
    },
    "500": {
      "user_opt": 0.883,
      "cluster_opt": 0.99,
      "lru_cluster": 0.99,
      "pct_of_cluster_opt": 100.0
    },
    "1000": {
      "user_opt": 0.8904,
      "cluster_opt": 0.99,
      "lru_cluster": 0.99,
      "pct_of_cluster_opt": 100.0
    },
    "2500": {
      "user_opt": 0.8904,
      "cluster_opt": 0.99,
      "lru_cluster": 0.99,
      "pct_of_cluster_opt": 100.0
    },
    "5000": {
      "user_opt": 0.8904,
      "cluster_opt": 0.99,
      "lru_cluster": 0.99,
      "pct_of_cluster_opt": 100.0
    }
  },
  "rl_comparison": {
    "carl": {
      "method": "CARL",
      "venue": "WWW 2024",
      "dataset": "Kwai (industrial)",
      "baseline": "LRU",
      "improvement": "~15%",
      "notes": "MDP formulation, requires RL training infrastructure"
    },
    "rpaf": {
      "method": "RPAF",
      "venue": "RecSys 2024",
      "dataset": "Kwai (industrial)",
      "baseline": "Various",
      "improvement": "~10-20%",
      "notes": "Two-stage prediction-allocation, requires prediction model"
    },
    "reccache": {
      "method": "RecCache",
      "venue": "This work",
      "dataset": "MovieLens-1M",
      "baseline": "LRU",
      "improvement": "~44%",
      "notes": "Simple clustering, no RL training required"
    }
  }
}