{
  "ml-1m": {
    "Fresh": {
      "ndcg": 0.15605023963702705,
      "recall": 0.044557032398483735,
      "hr": 0.5666666666666668,
      "mrr": 0.2923420634920635,
      "latency_ms": 2.07339080174764,
      "n": 500.0
    },
    "TwoTower-16": {
      "ndcg": 0.13650794369140185,
      "recall": 0.03563148127912672,
      "hr": 0.5173333333333333,
      "mrr": 0.2684071428571429,
      "latency_ms": 0.23562256495157877,
      "n": 500.0
    },
    "TwoTower-32": {
      "ndcg": 0.13744471361639524,
      "recall": 0.035676929748831694,
      "hr": 0.516,
      "mrr": 0.26760132275132276,
      "latency_ms": 0.25333642959594727,
      "n": 500.0
    },
    "Spec K=3": {
      "ndcg": 0.1017765907722381,
      "recall": 0.027733583478867643,
      "hr": 0.432,
      "mrr": 0.19571878306878307,
      "latency_ms": 0.3841072718302409,
      "n": 500.0
    }
  },
  "amazon-electronics": {
    "Fresh": {
      "ndcg": 0.014791564524169595,
      "recall": 0.024997619047619046,
      "hr": 0.062,
      "mrr": 0.01863227513227513,
      "latency_ms": 2.190812269846598,
      "n": 500.0
    },
    "TwoTower-16": {
      "ndcg": 0.008118152517499902,
      "recall": 0.014057142857142857,
      "hr": 0.032,
      "mrr": 0.010044973544973544,
      "latency_ms": 0.3936893145243327,
      "n": 500.0
    },
    "TwoTower-32": {
      "ndcg": 0.008820304364384397,
      "recall": 0.013044444444444442,
      "hr": 0.028666666666666663,
      "mrr": 0.012124867724867726,
      "latency_ms": 0.3564618428548177,
      "n": 500.0
    },
    "Spec K=3": {
      "ndcg": 0.011839357846337625,
      "recall": 0.019669841269841264,
      "hr": 0.05199999999999999,
      "mrr": 0.01473068783068783,
      "latency_ms": 1.5360153516133626,
      "n": 500.0
    }
  }
}