{
  "A": {
    "ml-1m": {
      "LRU (no clustering)": {
        "ndcg": {
          "mean": 0.11151759850293579,
          "std": 1.3877787807814457e-17
        },
        "ild": {
          "mean": 0.7818593184153239,
          "std": 2.8097899007262688e-08
        },
        "coverage": {
          "mean": 0.16594711279007016,
          "std": 0.0
        },
        "tail_ndcg": {
          "mean": 0.17212977385936143,
          "std": 0.0
        },
        "hit_rate": {
          "mean": 0.5728666666666666,
          "std": 0.002041785710815155
        }
      },
      "LRU + Clustering": {
        "ndcg": {
          "mean": 0.101727304355112,
          "std": 0.0037030832767452767
        },
        "ild": {
          "mean": 0.783868412176768,
          "std": 0.007219123392657637
        },
        "coverage": {
          "mean": 0.04245367871919411,
          "std": 0.0020470960022919665
        },
        "tail_ndcg": {
          "mean": 0.16913739645512482,
          "std": 0.0007616371886206428
        },
        "hit_rate": {
          "mean": 0.8266,
          "std": 0.0002828427124745879
        }
      },
      "LRU + Clustering + QA": {
        "ndcg": {
          "mean": 0.1122179700825921,
          "std": 0.0010479693560900912
        },
        "ild": {
          "mean": 0.780577023824056,
          "std": 0.00035345255601387674
        },
        "coverage": {
          "mean": 0.15155603525813996,
          "std": 0.001399203920318776
        },
        "tail_ndcg": {
          "mean": 0.17212977385936143,
          "std": 0.0
        },
        "hit_rate": {
          "mean": 0.8275333333333333,
          "std": 0.0010873004286866416
        }
      },
      "Full RecCache": {
        "ndcg": {
          "mean": 0.1127739613568667,
          "std": 0.0010118519096724773
        },
        "ild": {
          "mean": 0.780577023824056,
          "std": 0.00035345255601387674
        },
        "coverage": {
          "mean": 0.15155603525813996,
          "std": 0.001399203920318776
        },
        "tail_ndcg": {
          "mean": 0.173187745603924,
          "std": 2.7755575615628914e-17
        },
        "hit_rate": {
          "mean": 0.8277333333333333,
          "std": 0.001892675942210452
        }
      }
    },
    "amazon-movies": {
      "LRU (no clustering)": {
        "ndcg": {
          "mean": 0.010437596219471995,
          "std": 0.0
        },
        "ild": {
          "mean": 0.19625531136989594,
          "std": 0.0
        },
        "coverage": {
          "mean": 0.11860893597420545,
          "std": 1.3877787807814457e-17
        },
        "tail_ndcg": {
          "mean": 0.010860749095261744,
          "std": 1.0015430658247728e-18
        },
        "hit_rate": {
          "mean": 0.5677333333333333,
          "std": 0.002531578339472964
        }
      },
      "LRU + Clustering": {
        "ndcg": {
          "mean": 0.011570730172385796,
          "std": 0.0012544170559931718
        },
        "ild": {
          "mean": 0.19194854299227396,
          "std": 0.008460060176383668
        },
        "coverage": {
          "mean": 0.03976662060494396,
          "std": 0.004346810276951349
        },
        "tail_ndcg": {
          "mean": 0.011462602048777899,
          "std": 0.0014861069442184802
        },
        "hit_rate": {
          "mean": 0.8423333333333334,
          "std": 0.0018856180831641283
        }
      },
      "LRU + Clustering + QA": {
        "ndcg": {
          "mean": 0.011033559706078208,
          "std": 0.000779158690043354
        },
        "ild": {
          "mean": 0.19669078787167868,
          "std": 0.003830606289300471
        },
        "coverage": {
          "mean": 0.10218025487486565,
          "std": 0.00010856852160088233
        },
        "tail_ndcg": {
          "mean": 0.01149777917852498,
          "std": 0.0004632604717759098
        },
        "hit_rate": {
          "mean": 0.8394666666666666,
          "std": 0.0026042699979499377
        }
      },
      "Full RecCache": {
        "ndcg": {
          "mean": 0.011790869758757011,
          "std": 0.0012658781692620079
        },
        "ild": {
          "mean": 0.19669078787167868,
          "std": 0.003830606289300471
        },
        "coverage": {
          "mean": 0.10218025487486565,
          "std": 0.00010856852160088233
        },
        "tail_ndcg": {
          "mean": 0.01272746574877233,
          "std": 0.001274011826828832
        },
        "hit_rate": {
          "mean": 0.8391333333333333,
          "std": 0.0022171052197754357
        }
      }
    }
  },
  "B": {
    "ml-1m": {
      "Semantic (MF)": {
        "ndcg": {
          "mean": 0.2576,
          "std": 0.0084
        },
        "hit_rate": {
          "mean": 0.8192,
          "std": 0.0011
        },
        "coverage": {
          "mean": 0.1678,
          "std": 0.0
        }
      },
      "Random": {
        "ndcg": {
          "mean": 0.2578,
          "std": 0.0095
        },
        "hit_rate": {
          "mean": 0.8123,
          "std": 0.0023
        },
        "coverage": {
          "mean": 0.1678,
          "std": 0.0
        }
      },
      "Frequency": {
        "ndcg": {
          "mean": 0.2616,
          "std": 0.0076
        },
        "hit_rate": {
          "mean": 0.9135,
          "std": 0.0019
        },
        "coverage": {
          "mean": 0.1678,
          "std": 0.0
        }
      }
    },
    "amazon-movies": {
      "Semantic (MF)": {
        "ndcg": {
          "mean": 0.0294,
          "std": 0.0008
        },
        "hit_rate": {
          "mean": 0.8287,
          "std": 0.002
        },
        "coverage": {
          "mean": 0.1209,
          "std": 0.0
        }
      },
      "Random": {
        "ndcg": {
          "mean": 0.0287,
          "std": 0.0011
        },
        "hit_rate": {
          "mean": 0.8111,
          "std": 0.002
        },
        "coverage": {
          "mean": 0.1209,
          "std": 0.0
        }
      },
      "Frequency": {
        "ndcg": {
          "mean": 0.0306,
          "std": 0.0034
        },
        "hit_rate": {
          "mean": 0.8692,
          "std": 0.0017
        },
        "coverage": {
          "mean": 0.1209,
          "std": 0.0
        }
      }
    }
  },
  "C": {
    "ml-1m": {
      "Zipf (synthetic)": {
        "ndcg": {
          "mean": 0.2594,
          "std": 0.0068
        },
        "hit_rate": {
          "mean": 0.818,
          "std": 0.0013
        },
        "speedup": {
          "mean": 5.446,
          "std": 0.039
        }
      },
      "Temporal replay": {
        "hit_rate": {
          "mean": 0.9995,
          "std": 0.0
        },
        "ndcg": {
          "mean": 0.2011,
          "std": 0.0
        },
        "speedup": {
          "mean": 400.18,
          "std": 0.0
        }
      },
      "Session replay": {
        "hit_rate": {
          "mean": 0.9995,
          "std": 0.0
        },
        "ndcg": {
          "mean": 0.2011,
          "std": 0.0
        },
        "speedup": {
          "mean": 400.18,
          "std": 0.0
        }
      }
    },
    "amazon-movies": {
      "Zipf (synthetic)": {
        "ndcg": {
          "mean": 0.0301,
          "std": 0.0011
        },
        "hit_rate": {
          "mean": 0.8269,
          "std": 0.0018
        },
        "speedup": {
          "mean": 5.722,
          "std": 0.059
        }
      },
      "Temporal replay": {
        "hit_rate": {
          "mean": 0.9906,
          "std": 0.0
        },
        "ndcg": {
          "mean": 0.0121,
          "std": 0.0
        },
        "speedup": {
          "mean": 87.79,
          "std": 0.0
        }
      },
      "Session replay": {
        "hit_rate": {
          "mean": 0.9906,
          "std": 0.0
        },
        "ndcg": {
          "mean": 0.0121,
          "std": 0.0
        },
        "speedup": {
          "mean": 87.79,