{
  "ml-1m": {
    "fresh": {
      "ndcg": 0.15605023963702705,
      "recall": 0.044557032398483735,
      "hr": 0.5666666666666668,
      "mrr": 0.2923420634920635,
      "mean_latency_ms": 0.48826249440511066,
      "n": 500.0
    },
    "faiss_flat": {
      "ndcg": 0.10002363897676457,
      "recall": 0.022267149748606996,
      "hr": 0.4426666666666667,
      "mrr": 0.20864259259259257,
      "mean_latency_ms": 0.07420905431111653,
      "n": 500.0
    },
    "faiss_ivf": {
      "ndcg": 0.09680853952576318,
      "recall": 0.02289925380827405,
      "hr": 0.43133333333333335,
      "mrr": 0.20148915343915344,
      "mean_latency_ms": 0.06499878565470378,
      "n": 500.0
    },
    "spec_k3": {
      "ndcg": 0.1017765907722381,
      "recall": 0.027733583478867643,
      "hr": 0.432,
      "mrr": 0.19571878306878307,
      "mean_latency_ms": 0.186521848042806,
      "n": 500.0
    }
  },
  "amazon-electronics": {
    "fresh": {
      "ndcg": 0.014791564524169595,
      "recall": 0.024997619047619046,
      "hr": 0.062,
      "mrr": 0.01863227513227513,
      "mean_latency_ms": 0.7398298581441244,
      "n": 500.0
    },
    "faiss_flat": {
      "ndcg": 0.005214192872223256,
      "recall": 0.00995079365079365,
      "hr": 0.01933333333333333,
      "mrr": 0.005151322751322751,
      "mean_latency_ms": 0.0759439468383789,
      "n": 500.0
    },
    "faiss_ivf": {
      "ndcg": 0.004612487124439834,
      "recall": 0.008506349206349207,
      "hr": 0.016,
      "mrr": 0.004644444444444444,
      "mean_latency_ms": 0.019977410634358723,
      "n": 500.0
    },
    "spec_k3": {
      "ndcg": 0.011839357846337625,
      "recall": 0.019669841269841264,
      "hr": 0.05199999999999999,
      "mrr": 0.01473068783068783,
      "mean_latency_ms": 0.42493756612141925,
      "n": 500.0
    }
  }
}