{
  "ml-1m": {
    "fresh": {
      "ndcg": 0.15605023963702705,
      "recall": 0.044557032398483735,
      "hr": 0.5666666666666668,
      "mrr": 0.2923420634920635,
      "map": 0.26351050044091706,
      "ild": 0.7761796911557516,
      "coverage": 0.20219463932361936,
      "gini": 0.9275507105594532,
      "entropy_norm": 0.6925854329396085,
      "head_share": 0.8194,
      "torso_share": 0.1806,
      "tail_share": 0.0,
      "n": 500.0
    },
    "naive": {
      "ndcg": 0.10165015829039414,
      "recall": 0.028002101553135896,
      "hr": 0.426,
      "mrr": 0.19940820105820103,
      "map": 0.17980330057949104,
      "ild": 0.7584344943364462,
      "coverage": 0.005936319481921209,
      "gini": 0.9967086526353661,
      "entropy_norm": 0.3140903581053839,
      "head_share": 0.8877333333333333,
      "torso_share": 0.11226666666666667,
      "tail_share": 0.0,
      "n": 500.0
    },
    "spec_k3": {
      "ndcg": 0.1017765907722381,
      "recall": 0.027733583478867643,
      "hr": 0.432,
      "mrr": 0.19571878306878307,
      "map": 0.17892929411270678,
      "ild": 0.7571469148000082,
      "coverage": 0.01789890268033819,
      "gini": 0.9955144450440727,
      "entropy_norm": 0.3543404959047532,
      "head_share": 0.8884666666666666,
      "torso_share": 0.11153333333333333,
      "tail_share": 0.0,
      "n": 500.0
    },
    "spec_pool": {
      "ndcg": 0.08271890082552456,
      "recall": 0.028675399389167595,
      "hr": 0.40599999999999997,
      "mrr": 0.14929074074074075,
      "map": 0.14097993690686153,
      "ild": 0.7579716841379801,
      "coverage": 0.061701744918150746,
      "gini": 0.9853735204173413,
      "entropy_norm": 0.5167881524596131,
      "head_share": 0.9695999999999999,
      "torso_share": 0.0304,
      "tail_share": 0.0,
      "n": 500.0
    }
  },
  "amazon-electronics": {
    "fresh": {
      "ndcg": 0.014791564524169595,
      "recall": 0.024997619047619046,
      "hr": 0.062,
      "mrr": 0.01863227513227513,
      "map": 0.018753439153439154,
      "ild": 0.7809128761291504,
      "coverage": 0.03754309390517759,
      "gini": 0.9959109719454724,
      "entropy_norm": 0.3299192803396314,
      "head_share": 0.9671333333333333,
      "torso_share": 0.028800000000000003,
      "tail_share": 0.004066666666666666,
      "n": 500.0
    },
    "naive": {
      "ndcg": 0.012580688867922463,
      "recall": 0.019886507936507935,
      "hr": 0.055333333333333325,
      "mrr": 0.01763862433862434,
      "map": 0.01772275132275132,
      "ild": 0.7986926436424255,
      "coverage": 0.004965683018629218,
      "gini": 0.9988038713350412,
      "entropy_norm": 0.2821791191482786,
      "head_share": 0.9852666666666666,
      "torso_share": 0.013266666666666664,
      "tail_share": 0.0014666666666666667,
      "n": 500.0
    },
    "spec_k3": {
      "ndcg": 0.011839357846337625,
      "recall": 0.019669841269841264,
      "hr": 0.05199999999999999,
      "mrr": 0.01473068783068783,
      "map": 0.014814814814814814,
      "ild": 0.7123498320579529,
      "coverage": 0.017933390264730998,
      "gini": 0.9969665180124615,
      "entropy_norm": 0.3703769523239218,
      "head_share": 0.9436666666666667,
      "torso_share": 0.04833333333333334,
      "tail_share": 0.008,
      "n": 500.0
    },
    "spec_pool": {
      "ndcg": 0.006657955381573782,
      "recall": 0.012927777777777776,
      "hr": 0.02733333333333333,
      "mrr": 0.007419047619047619,
      "map": 0.007442063492063493,
      "ild": 0.6681095163027445,
      "coverage": 0.09694151880317552,
      "gini": 0.9658985102950943,
      "entropy_norm": 0.6282570264843351,
      "head_share": 0.8802,
      "torso_share": 0.1144,
      "tail_share": 0.005399999999999999,
      "n": 500.0
    }
  }
}